id,price1
2242,429.428
20532,290.744
10648,488.136
20677,1335.204
12593,405.204
11159,473.952
10680,415.336
6433,2776.8
2794,250.296
11579,678.884
13859,251.0
12260,474.0
18254,384.088
19453,475.0
8121,977.772
9791,497.492
7402,1818.124
3205,294.8
14489,482.628
10607,544.0
3659,639.884
7625,317.592
12862,1949.476
13985,448.0
10206,498.38
6889,1542.588
17791,413.94
8920,2266.972
15762,447.912
9762,362.964
15247,961.048
14490,215.932
3545,339.616
4122,477.692
9075,381.64
17580,547.564
15546,446.56
16679,285.504
7800,427.22
10314,252.116
20247,657.148
10068,1358.644
971,471.652
3832,408.12
6052,1908.66
12718,3281.88
11469,498.0
10655,478.532
5933,429.052
7000,538.748
18084,673.128
20918,3468.528
16193,994.0
6116,2499.876
7581,352.724
2214,398.712
19489,544.396
2592,980.088
14541,942.332
5584,542.912
20002,489.628
341,2410.644
10363,499.032
12292,198.372
19769,413.044
4521,162.476
8402,343.836
8485,816.98
7561,466.32
9885,206.348
2582,461.396
8209,341.292
13611,549.0
13591,377.86
9676,567.192
13851,593.288
16691,465.524
17785,660.64
18685,369.044
3369,736.648
16066,602.344
3003,540.236
18981,215.292
13554,546.472
11588,469.972
16379,2291.628
12575,476.176
9249,251.0
15449,385.836
20597,404.396
12342,1002.428
9065,485.62
17968,395.336
17803,687.592
13495,456.896
11078,1946.0
19475,608.016
19860,410.996
805,562.452
1,830.684
13151,474.012
4133,697.056
446,721.136
18830,986.54
7909,310.444
13969,1262.204
6901,2203.572
3961,3523.392
10150,1447.192
4490,426.004
5897,267.592
20844,465.708
19011,650.548
18577,435.932
3555,880.24
15716,454.704
20324,491.54
18654,2714.372
8184,289.732
4349,304.98
13737,388.008
10749,749.0
19921,457.208
15467,474.3
10725,568.76
18354,449.296
153,710.372
8961,893.004
501,579.8
18332,371.192
4068,649.088
13206,454.32
15926,399.0
20705,385.212
15433,299.0
16477,426.316
15608,428.688
4957,273.188
9095,418.88
12618,473.06
17259,273.92
6906,402.444
20713,262.432
15305,826.26
5370,456.16
20079,744.208
5574,446.72
8049,296.132
3493,3313.496
7390,598.556
12996,396.432
150,414.808
7941,435.74
16993,389.648
18502,472.168
1046,285.888
17121,382.66
15629,579.036
18932,790.0
8131,456.804
6926,398.9
11131,547.38
10941,321.556
12030,399.0
17959,650.62
14464,532.876
18288,326.992
17404,1049.0
930,2718.808
10001,643.32
7044,2753.528
17375,313.748
13231,279.536
3147,1299.0
4856,441.236
14757,563.344
14918,479.456
10947,187.54
17853,378.844
6359,1000.908
14331,500.116
6111,446.02
20276,1822.212
10660,1778.02
4222,299.0
20592,616.76
1023,2367.008
14844,497.324
11145,822.004
12578,707.432
8668,249.072
18474,426.4
9807,397.064
15911,1316.84
3721,990.9
19353,960.84
17362,434.08
11120,981.388
18867,471.428
17178,383.884
6879,549.664
4802,470.38
15451,293.08
15857,529.936
3179,814.076
7258,349.48
6247,489.5
14378,405.7
9308,1061.204
8879,483.728
9484,473.6
7676,899.0
14419,550.52
19097,201.776
168,1288.552
4427,298.52
12771,468.06
17299,398.196
5118,298.0
12040,499.0
13747,546.628
18751,389.252
5227,479.78
12100,567.076
17604,383.856
1218,469.18
18775,271.652
10853,311.14
3168,238.156
14636,215.932
7927,219.4
17035,425.152
8762,247.908
2152,537.984
17152,280.448
9824,339.224
8142,2808.152
15932,599.0
1141,363.872
17330,4060.936
19889,403.544
4915,524.416
693,447.668
14449,645.46
1975,470.404
4055,469.312
13336,756.0
15678,558.044
8491,486.344
15115,406.012
14146,519.576
19296,484.604
13281,422.48
20363,401.24
13879,196.704
7859,219.4
18819,419.804
3538,663.216
13185,334.324
10595,400.776
857,600.64
7654,449.94
12429,459.984
18200,478.58
9710,453.94
12240,770.284
2939,321.136
120,420.908
11548,1313.836
5261,1013.104
5598,491.432
7679,476.56
1820,507.148
3259,600.212
623,421.8
10503,503.508
9267,567.572
16624,1360.74
20850,746.26
9821,406.052
4693,399.264
14824,592.016
14096,673.076
6149,306.012
6373,552.804
12989,680.972
5547,443.532
5420,1675.736
2058,1049.0
20958,576.152
13945,972.508
6245,414.492
15624,396.572
13317,360.58
1802,399.04
18216,351.264
17276,399.284
10247,680.0
9532,1071.832
1568,457.644
13427,500.924
12689,338.592
9955,990.652
8860,429.516
9425,427.464
19772,899.988
5233,1358.176
12556,573.404
11977,298.052
17523,930.34
4760,1472.152
17714,239.028
12022,327.692
9905,2493.372
205,511.996
11438,220.14
13352,777.396
17203,429.04
650,483.672
11186,3777.556
6485,491.956
17370,2397.628
19084,402.376
6484,613.408
5341,396.452
8138,510.312
8708,409.064
6397,446.828
12836,399.0
12251,360.28
17860,169.04
2181,472.496
19757,844.048
143,379.36
13111,487.696
7723,766.62
13060,424.112
7508,499.0
12366,289.544
10779,429.676
11653,342.8
13751,462.592
15564,483.192
11454,344.62
10572,571.06
5140,491.872
1523,200.18
20160,1265.584
9103,344.696
14595,2434.744
9727,663.34
7265,343.684
15253,528.308
15590,1011.512
9682,348.856
15271,424.444
18032,474.0
14029,452.452
8552,660.36
15074,474.784
11288,396.228
20607,1729.612
1184,402.152
1651,381.428
7177,348.46
1834,258.364
17391,2050.204
9564,440.044
17589,447.92
2022,540.744
1552,550.08
7158,790.0
7311,236.016
20026,281.176
16405,1959.144
17235,466.0
15558,588.008
8468,592.116
7424,501.84
7307,2335.76
18602,1030.312
7421,249.204
2801,328.112
6154,206.264
3296,348.608
8568,955.48
9285,296.092
16978,441.56
17817,1866.76
7127,884.348
6890,249.0
3057,514.476
10994,749.0
10840,749.0
14037,1041.844
9685,473.228
14404,344.252
9165,200.448
6006,201.916
5819,296.936
8709,472.056
18154,479.312
808,416.46
9059,677.364
15285,830.744
2081,2366.048
17823,524.0
15500,1032.044
1068,493.288
9008,705.572
4204,270.876
6919,2165.72
12720,567.396
15904,520.328
5606,346.388
8893,565.488
12084,248.696
7485,454.524
11935,842.728
17576,337.524
10746,620.664
426,565.516
364,2332.296
12415,251.584
5546,391.464
12801,590.564
4203,1682.92
12857,314.856
3163,199.0
20485,1899.032
10786,288.0
20165,569.172
8038,316.736
7474,297.108
16133,1933.212
12048,546.08
911,316.98
14767,396.364
19044,476.232
12538,515.932
11676,616.428
154,363.672
4829,1872.248
2485,701.868
15721,285.38
16235,959.468
8337,951.02
15320,524.0
6963,377.72
5470,392.456
1262,451.068
4487,594.108
4409,427.804
4027,1426.308
2,282.576
17707,632.516
10810,470.008
381,582.576
3743,546.624
6388,493.308
13531,498.6
9761,749.0
11540,387.996
10024,303.736
19053,426.172
20654,481.916
17347,238.404
7237,329.0
18971,404.04
17000,395.0
19585,453.528
14974,687.904
13045,332.072
11866,1991.164
16764,218.36
8099,417.164
10714,1052.096
7537,315.128
1828,543.864
8170,566.644
7499,358.0
18825,530.236
13661,217.472
9501,450.796
1706,601.34
2739,398.992
17997,442.156
487,391.02
7782,372.744
2373,1040.956
17478,451.956
615,655.204
3741,392.664
14957,649.236
430,473.328
2007,321.504
17652,481.396
18160,537.312
8735,376.24
18121,1031.528
4125,3182.38
6897,290.0
16646,394.24
13731,599.944
4524,559.944
14108,1331.632
17782,407.612
7382,653.232
11839,499.0
15281,243.0
14840,1047.0
17682,369.72
9898,628.332
18766,592.832
13555,666.38
3798,229.592
9207,436.276
10862,431.752
10624,351.016
10905,298.584
19255,544.024
18233,397.548
4872,504.872
9626,399.0
13113,489.332
18793,242.304
15019,447.128
7970,297.284
6346,1245.916
3287,592.1
9179,495.128
5523,830.932
3676,481.888
5772,385.356
18087,475.284
8476,458.728
3375,363.676
14759,498.748
13247,501.328
20691,274.816
17700,398.328
4998,449.428
8528,360.0
2700,392.12
14012,579.676
7375,397.364
12102,542.224
7804,526.556
13608,646.924
11052,438.156
13933,473.828
9043,387.972
14417,299.116
13488,599.628
13607,849.384
950,1583.832
20644,1132.316
6002,2260.672
18246,975.948
10561,268.988
7439,199.0
20636,404.948
11782,590.0
8554,1659.816
6651,396.856
11948,465.96
17885,375.576
20649,2262.076
20433,280.352
14405,493.856
1959,560.788
17026,2482.248
10442,306.02
12912,451.96
18348,455.0
17934,2733.116
8428,449.0
6200,699.0
10687,479.04
16547,1425.064
5778,306.988
18683,2794.0
19052,1283.964
18688,572.232
18266,697.784
4292,1021.672
719,610.156
18846,2656.248
12644,555.672
17614,487.404
20756,633.524
1408,298.336
19075,284.0
11681,578.468
10488,434.7
17223,604.144
10992,300.352
19379,1744.632
10896,387.724
18871,191.22
2815,400.572
18307,254.316
19536,362.94
12667,3786.336
16623,556.384
1628,494.968
17431,614.236
7934,384.3
12817,446.912
5156,647.892
6588,459.072
14847,627.544
1775,399.144
19167,667.676
2929,391.716
9609,395.252
16711,1650.624
20594,557.324
8202,1795.652
4507,394.564
1944,486.428
18003,641.004
14287,3379.512
2224,395.0
6178,403.268
6267,965.468
10508,300.644
8089,595.508
3450,546.324
14507,515.192
18783,348.936
15726,967.72
20260,516.816
10638,495.844
10414,390.0
19375,466.256
1902,840.472
13834,644.916
11807,2727.38
741,552.156
10497,450.064
12241,1993.452
4714,494.816
8258,1856.624
13588,1249.828
17446,402.984
732,716.752
3326,2440.736
12012,230.532
5688,581.56
13342,382.16
6583,569.284
4774,989.748
6026,295.124
7111,617.3
15353,324.236
18425,716.636
2368,300.104
10979,300.904
7717,357.636
1576,328.76
7154,808.028
15871,580.036
18659,341.556
3162,460.892
5694,490.2
11042,422.248
7370,269.14
5218,509.492
7190,790.0
9020,1866.528
19313,416.5
5550,494.892
4359,565.416
17103,619.856
4795,2049.588
8197,318.528
2953,335.336
10716,2005.936
3746,589.376
14973,585.872
20578,855.156
1564,1638.948
5424,1031.852
12116,453.948
20085,422.356
3762,340.252
2406,235.848
19657,360.132
7855,351.092
16586,640.68
9799,421.236
11444,310.456
11800,565.948
3107,1110.352
20285,1081.976
9080,700.452
6635,680.0
17395,395.948
12184,713.64
17100,395.844
16148,983.372
7903,499.0
12608,798.0
666,561.2
18100,449.0
14717,343.892
13324,399.0
14189,286.84
3461,2026.176
19775,1909.748
4075,384.344
19111,505.516
7551,258.004
20848,347.376
9140,714.892
6740,605.74
15578,371.32
14791,564.0
16497,567.572
13686,836.608
20762,561.936
2364,209.06
12545,355.196
10225,615.848
13221,248.156
14812,279.0
16530,322.98
315,348.96
6953,644.496
4723,596.84
17802,835.0
11484,3915.4
1874,302.088
4649,336.42
18207,509.388
4386,269.828
6434,446.052
3069,368.804
15930,597.536
14733,386.532
3883,408.888
9445,448.204
2352,499.0
9247,364.164
15399,269.644
18039,586.08
15398,699.0
15033,337.744
4934,525.532
3224,572.356
18343,2244.896
10785,571.152
12486,2595.8
17587,494.448
11340,398.92
9742,333.0
5505,378.36
20423,278.412
15009,438.164
8734,364.916
2263,428.804
136,425.956
12916,643.012
3873,428.016
11464,451.0
4512,756.0
6069,623.576
18268,393.036
14624,569.804
10060,370.432
17500,382.788
1898,199.428
448,304.324
18279,312.428
11814,346.948
5878,441.976
20559,479.516
95,593.98
11020,558.656
20380,461.324
3868,1874.388
8365,697.876
17476,343.2
11208,330.008
3037,222.124
8940,406.284
2491,359.544
2404,599.776
20204,538.0
11037,1574.404
3814,2765.76
6838,2160.0
4456,287.212
4646,300.148
15179,1593.332
18208,348.012
10478,494.448
17102,2081.996
20097,649.0
18990,691.836
18569,995.876
11445,380.78
20948,553.264
16346,599.0
12943,422.568
18835,462.464
1589,494.424
13127,419.0
11731,398.448
937,1679.54
7788,2853.036
8664,141.232
8067,403.256
1779,819.0
9520,499.064
6943,419.84
13212,476.572
8456,2477.096
14297,199.4
9677,469.788
19908,3622.66
11764,677.132
13543,458.32
15722,594.068
1989,338.516
11105,440.744
13906,390.832
20739,379.96
8778,685.924
6720,609.92
15000,375.876
2021,2016.692
14950,2020.464
16974,247.544
9174,596.6
10376,540.968
16875,273.164
20791,603.052
1495,862.424
14807,479.436
17196,536.916
3126,294.788
224,294.444
4431,473.4
17635,211.184
10562,407.964
18993,1460.784
16661,439.188
8248,492.568
13296,396.096
14649,1546.632
5229,1648.216
870,458.696
8417,499.196
18408,546.768
10985,399.12
14380,1792.324
1533,552.764
17366,3815.08
4062,833.356
11915,499.0
12151,499.0
10307,447.86
15813,463.216
2557,433.916
10761,1084.14
11718,302.488
16459,244.948
15032,1084.136
5471,483.52
19998,1777.528
18633,264.34
16221,303.712
9290,506.384
10743,432.908
5266,2699.256
14926,398.08
13230,397.36
15913,190.08
9147,462.98
9818,672.148
14995,1895.852
6422,199.112
15945,2588.648
17358,391.42
6020,456.552
9120,598.476
13362,1880.62
7543,635.312
13076,4800.14
10332,464.896
1861,348.544
14118,298.94
12920,452.04
17466,274.0
13515,333.656
8717,1322.296
20453,335.716
3021,311.856
16358,398.024
601,520.536
5659,495.136
3214,497.8
14901,341.824
5559,478.944
4572,442.48
2866,312.916
16079,824.0
4661,443.964
5125,298.792
2762,394.86
6515,409.176
12736,426.156
10483,528.032
15443,395.0
13449,487.144
2577,569.0
18251,318.16
5512,1924.832
18184,504.976
17022,372.144
7408,2793.776
11195,345.428
7798,496.844
14413,742.256
18543,558.364
8973,715.048
14726,386.476
13668,500.4
15631,348.076
1417,2469.328
14360,398.76
15657,490.18
11428,1474.256
12915,528.736
10781,375.26
16938,438.548
14497,2760.0
10410,707.184
8210,201.044
16391,421.332
10635,289.076
11984,768.048
11768,799.0
10128,770.504
5248,386.428
17386,462.568
9322,1019.044
4372,283.32
1203,405.72
17749,279.068
14161,302.04
1584,507.78
5954,585.284
12217,343.504
3531,379.0
16022,1656.28
9920,529.1
7151,974.0
15096,204.472
10731,448.008
1671,230.26
7975,515.392
3374,307.94
20089,2051.34
15046,311.04
8375,2104.388
18434,859.18
12944,1305.332
18201,443.612
14654,597.552
8846,275.0
19426,500.188
3002,724.588
16898,343.488
12381,529.264
5403,342.74
10636,533.5
17657,499.0
5906,829.92
20124,418.08
5467,401.008
15521,361.596
69,544.16
20890,3028.604
10868,427.236
583,530.676
10035,584.344
11101,570.112
428,468.476
5356,180.984
3399,380.436
4782,463.14
17495,294.0
10586,390.472
10653,487.68
16097,816.152
16841,483.864
4995,934.196
642,335.492
4535,335.28
19798,387.532
13801,988.276
17177,219.86
10682,740.36
20807,218.82
9953,259.52
6830,497.76
6626,299.32
14393,372.78
11830,2732.912
8703,360.14
1541,421.0
15169,402.072
9246,516.6
11356,473.872
17931,676.352
4071,382.068
15967,842.728
14434,2909.012
18395,672.108
12054,209.616
7978,699.0
3998,397.844
844,444.896
9917,271.772
789,1470.276
4380,388.852
17154,942.284
12305,674.488
10217,505.372
15029,501.076
18588,405.42
15108,614.24
4398,755.756
20298,288.716
8637,758.288
7803,399.696
2234,394.844
18852,732.348
4917,502.476
17300,293.732
6672,389.788
4035,534.56
906,1106.636
10733,438.696
18020,730.8
9656,840.592
16982,299.32
16418,451.844
7305,556.116
14375,835.668
19926,1704.6
1192,488.248
4373,325.428
20095,499.592
17288,1236.88
19227,383.504
12811,325.344
11345,665.684
8577,471.052
13321,1650.404
9861,282.972
738,559.668
11672,1499.0
19516,611.384
12511,513.824
7145,399.092
17837,365.872
17209,1153.688
1657,242.816
3384,359.064
11526,974.0
16394,496.484
18417,331.88
20418,1149.308
5176,1194.052
555,543.936
10989,298.98
14880,469.608
1800,1281.308
17094,1991.072
5013,652.344
9176,568.86
16519,1337.176
12873,448.9
9013,2283.576
13103,283.672
6344,450.676
20034,699.628
5940,335.472
19000,2839.0
17586,622.576
8862,320.68
1050,544.444
8823,243.852
15413,386.304
3096,280.112
9433,2487.644
12871,599.0
12540,667.372
2963,607.084
11967,388.732
4236,320.088
17353,366.916
5905,243.052
13596,448.308
394,1552.168
16802,316.88
10281,649.0
8413,473.832
8791,476.32
6727,496.0
20572,1897.484
18357,749.0
509,324.064
7945,403.356
4242,288.848
13666,526.196
10176,360.0
922,489.704
20814,1270.868
20273,1385.18
17133,444.384
15485,901.732
8300,1333.052
4796,358.184
807,1643.528
14138,1499.0
14198,212.58
11049,341.316
12603,398.0
20417,422.592
9312,355.38
5492,638.408
6511,388.484
8071,2825.836
16034,1400.0
13357,304.468
7088,521.624
7694,441.16
1986,552.912
17129,408.268
8119,539.036
17122,554.476
11802,431.036
3059,489.724
13192,389.088
7120,380.984
10165,440.428
6401,308.696
4969,671.108
329,410.284
6273,1781.0
20767,269.32
3090,573.464
14579,274.624
18980,319.828
12323,239.984
18810,344.236
17398,429.02
5834,401.012
16580,605.904
13150,756.0
17130,410.276
343,414.9
15363,1962.32
31,423.356
10693,295.18
16963,426.072
15850,1429.22
10133,478.564
6309,661.9
8527,299.0
19152,436.32
17648,482.572
10526,701.268
20386,1937.8
10110,334.12
17442,332.672
20870,573.936
11243,279.628
4366,543.896
10037,2845.228
1388,338.844
5963,334.84
7414,299.0
6308,548.204
16837,719.0
19290,646.476
3582,182.256
2556,405.964
13510,882.504
5893,1275.296
13487,297.604
15973,340.044
6692,498.352
13844,305.444
15616,355.28
12198,414.156
6159,499.664
19871,441.74
2725,503.02
16158,671.696
470,1646.336
2702,413.348
15632,447.06
12542,767.34
10437,397.372
4611,521.868
16822,406.28
19294,231.948
11324,339.164
6970,668.628
10175,263.048
14822,500.656
1833,2133.176
9640,458.524
9476,300.992
2194,349.46
5673,493.776
17385,594.728
641,2250.676
9098,414.04
13575,448.988
20579,547.936
6887,399.0
18403,385.468
17460,474.94
12092,2170.848
7170,248.992
13416,500.72
14954,181.172
316,781.62
5764,384.964
10121,393.96
14026,426.732
6659,398.0
3665,500.016
13956,401.02
20288,201.524
674,459.856
20179,309.564
13764,398.0
19311,449.452
10319,274.388
9049,490.564
2061,297.6
20293,266.264
8646,304.18
11538,698.156
2809,457.604
8722,459.344
17445,388.888
10457,493.148
921,490.784
20788,1058.96
6698,1487.216
14538,417.32
20712,222.804
12747,300.772
535,1417.12
15592,414.136
2878,476.02
15334,699.148
6360,889.58
6942,428.648
5301,620.996
5848,499.0
4721,1071.244
1610,276.66
1015,1078.288
11581,310.396
20931,288.996
13558,403.484
2329,386.808
5917,439.772
5877,975.184
19994,561.428
13527,484.824
17744,432.14
12659,471.096
13916,529.552
7539,2126.156
13249,574.404
12711,201.676
1755,656.256
11128,640.0
12205,298.232
8705,258.676
2232,427.68
18611,388.996
17789,461.816
2494,399.752
5151,273.548
14246,1486.232
12316,641.844
2347,691.448
8964,596.716
16951,261.404
6391,507.928
1359,464.36
19461,401.22
13326,975.692
12248,334.628
14094,299.0
3151,1338.16
11402,431.108
20093,431.184
18520,975.208
14642,2170.436
4462,474.72
4143,335.856
20601,726.696
1531,353.304
16052,546.6
20359,605.556
7880,308.936
10554,237.812
19335,179.04
6225,653.172
13233,199.0
7790,423.088
13070,422.32
13865,414.836
12704,385.768
9487,499.0
13049,1932.412
7415,500.304
17230,393.7
14134,497.576
6522,436.892
7171,389.352
16012,591.4
6163,498.876
14193,711.048
8238,597.632
17513,587.368
4468,558.104
20810,341.06
14407,523.9
18848,1716.148
18010,492.564
17017,559.396
10423,502.216
17901,748.584
8046,459.032
10436,439.576
12247,416.06
5658,698.312
18698,198.58
18171,377.352
18433,388.112
12237,760.924
17101,461.504
10309,376.884
12283,638.06
14077,1507.428
4958,405.392
3207,307.788
4289,190.076
17571,936.44
4783,835.376
859,650.764
17578,2869.208
3176,439.384
2889,1279.488
231,357.888
449,2081.216
7937,199.0
6197,468.212
15612,292.168
181,556.664
18562,899.0
3243,1079.508
14858,251.0
5267,426.136
5892,210.536
16868,391.828
12888,247.184
1189,1096.188
1854,584.124
6039,483.652
3647,557.384
3729,298.0
17340,679.512
5258,501.768
5648,424.0
16339,291.168
10728,1309.68
990,664.58
5894,792.416
11311,206.98
3572,431.056
18586,527.824
1979,856.028
2796,301.348
17787,435.112
11983,414.864
14355,1619.0
1724,557.204
18601,899.0
17813,327.468
8867,467.76
617,363.192
13701,491.564
7604,671.088
18555,521.164
11804,396.94
16121,2202.168
16007,1498.576
7920,297.692
13730,424.824
19654,715.888
14797,401.288
15719,494.58
19944,334.416
4882,1997.472
15333,499.804
10199,582.736
16636,458.176
20938,428.756
15396,385.904
16217,449.0
19827,2014.636
1749,590.6
16980,201.604
15838,346.14
12449,400.604
19260,491.328
13755,444.556
14593,235.88
6870,251.0
19738,330.196
5394,569.0
3544,456.528
8795,517.652
16954,481.992
5232,364.584
14513,1792.932
5209,469.54
11779,487.576
1265,926.556
12759,299.0
4880,614.476
17124,433.248
20270,266.38
2435,1904.768
363,420.712
18298,2622.392
18924,413.492
14274,550.0
20771,576.476
1481,283.404
12917,289.708
4389,284.136
17283,498.364
5305,2503.032
5217,500.648
20779,521.188
9618,654.836
10588,440.304
2056,453.172
1090,471.372
13982,398.208
13831,298.816
17844,977.716
4791,449.0
10515,299.112
8072,443.376
12568,499.0
12566,392.88
4873,389.108
19331,756.164
6548,4031.524
6045,1733.948
8647,496.0
2639,347.892
11180,429.892
18589,1733.624
17294,312.068
15972,938.064
352,481.272
8830,287.58
8874,250.336
1437,1152.928
11810,339.804
10661,429.876
6113,447.688
15446,525.856
4263,476.68
16570,298.404
4231,466.984
6281,367.708
16250,261.92
5365,449.708
54,422.82
12749,422.18
586,508.68
6315,584.604
10280,492.776
12388,562.42
638,431.176
3482,365.82
3252,300.432
6718,277.868
12353,466.712
2116,562.072
7219,495.272
12639,231.008
18642,1609.64
10841,756.0
13081,606.024
13302,285.356
16466,413.528
9580,698.056
8437,399.0
6131,641.088
2714,1782.744
4551,399.196
8185,1696.064
5101,421.028
15070,1063.824
5092,581.712
145,436.324
7029,508.684
582,507.04
8713,400.044
12809,199.0
13886,651.528
20385,417.032
11432,497.492
14455,475.0
14651,351.608
10529,220.0
9090,148.0
4748,667.956
11749,537.896
5020,336.42
20024,535.34
18722,367.62
4241,465.94
28,919.804
6554,498.908
3806,405.652
4215,179.0
6366,599.0
13333,426.0
14925,462.724
16549,431.212
14293,149.232
13830,411.252
17328,332.448
3240,478.08
5418,356.0
2732,1687.056
18677,413.996
3853,320.0
12993,410.26
9883,446.168
7837,388.468
10209,1953.112
14523,412.388
954,423.904
7529,338.428
17651,398.84
19572,467.548
11354,997.244
9743,426.424
987,349.896
20551,2087.964
16348,333.18
11079,584.688
11025,778.996
12062,494.248
13123,841.784
14494,748.0
3830,469.916
5653,492.644
20027,615.188
10559,402.42
14838,3122.252
2297,438.516
16677,2382.216
14425,220.0
12232,400.692
9369,352.112
5993,254.776
4322,556.508
8553,1730.888
20144,321.124
17176,771.0
16897,315.028
19312,281.388
12393,633.88
704,503.192
15569,499.04
16157,673.532
3990,451.64
12239,2984.548
20480,786.396
16495,395.0
15855,566.18
11959,699.0
7349,319.28
4840,401.044
3412,483.804
4582,551.396
19425,652.92
6555,571.832
9739,304.952
18236,335.548
17082,466.388
768,515.84
2331,451.552
19512,1000.492
9613,581.368
17510,648.456
11738,523.852
6503,382.648
10692,3749.0
777,452.4
10600,324.188
9171,474.0
14484,651.056
4169,754.972
11319,367.34
912,651.5
6641,835.0
5737,627.716
10296,641.912
15950,428.084
16582,498.696
8135,328.684
5712,349.024
12982,423.488
5486,2836.864
11784,2009.94
12671,594.324
5159,445.736
9347,455.616
843,2203.472
12480,541.496
5368,410.84
11624,1270.668
73,735.336
12202,248.22
17417,540.7
16194,2762.052
7232,447.3
12882,395.928
10689,200.2
15160,427.136
9823,431.636
568,632.824
16630,391.224
18618,624.376
3933,502.668
9951,444.128
10003,1049.404
2515,2415.548
645,406.904
10262,398.972
10599,435.248
13808,262.284
528,354.456
6680,341.072
17991,2017.928
17568,491.772
16145,574.228
16825,340.852
18143,448.68
14966,849.0
19746,2017.472
15344,282.548
3568,467.888
11008,614.1
19528,409.316
4152,542.6
14873,352.676
9450,359.78
15982,974.684
10966,527.196
9340,474.772
19113,333.688
1019,631.728
15133,2088.728
8689,455.448
5166,416.928
9669,236.584
15994,442.748
17890,1071.868
13052,378.648
8148,197.0
679,646.476
20511,820.632
5419,484.076
19783,2141.816
8977,902.5
5242,389.22
11958,199.0
7015,315.0
9453,151.504
13381,528.684
17541,251.0
1422,2714.496
227,536.904
16880,437.372
1723,566.876
2587,399.0
19509,379.576
3217,148.088
3089,451.908
822,700.692
8458,382.464
17410,271.012
12441,303.42
7407,1432.344
6239,2222.456
17936,403.624
6407,545.676
20675,465.032
13267,298.98
16660,345.94
17257,468.68
14568,440.656
232,468.868
4252,251.812
2947,590.08
3920,499.0
12913,387.216
5291,426.956
7759,1252.184
5243,421.608
8772,996.188
2025,422.196
10767,3202.636
9155,199.0
8186,255.0
4017,379.652
3180,2832.188
3753,877.524
16063,451.34
17192,449.708
3927,402.736
11201,408.964
1438,897.4
11419,465.204
14572,752.48
12936,2818.192
15303,495.476
18243,492.572
6400,482.96
19602,423.888
6556,1866.124
15447,631.8
19707,397.212
19276,334.956
15342,336.812
15953,481.416
18033,500.596
20025,1419.08
16699,1049.0
4039,484.608
18042,308.956
17591,676.352
13636,498.772
18167,509.64
1350,375.588
6976,323.328
13436,553.384
1731,583.804
18469,506.64
3645,1266.308
661,782.468
18358,1609.44
19220,174.484
1784,899.0
19153,2051.596
5452,3661.272
15496,448.68
7325,992.588
5633,3068.088
6896,399.632
11291,298.4
5235,792.112
5085,251.0
12037,392.932
12945,713.3
2790,555.036
13106,310.068
17111,605.3
3351,512.076
15061,449.604
3738,686.668
20877,1152.864
3422,1611.576
18765,321.936
18222,390.304
18615,381.064
11113,252.124
9257,499.392
2893,290.944
602,632.396
17193,1444.616
5656,251.0
18118,699.0
13440,396.292
6289,555.0
13530,1500.0
244,388.964
4000,356.896
19246,496.0
22,412.792
19677,463.8
2477,570.096
15089,455.888
14978,211.856
7595,399.0
6034,443.412
20243,417.68
19527,405.632
249,605.096
5319,502.052
14492,546.328
1613,580.508
6614,591.2
7958,3488.672
18913,470.0
14528,855.68
20086,562.712
5212,365.476
8306,404.104
11363,782.608
17388,504.016
9952,279.864
7747,657.352
19700,452.74
503,308.908
16647,387.736
16467,898.24
20172,432.324
17380,399.0
6023,244.98
16849,418.612
15677,397.488
8426,315.092
7866,467.484
17452,382.224
19929,872.124
8543,842.192
20307,657.148
12837,1265.24
9778,437.196
8313,329.156
4030,597.8
17244,2741.36
12976,324.284
7983,1920.164
1133,979.08
14899,248.464
16015,741.632
3863,732.212
2466,547.548
6005,493.436
10758,492.332
3934,192.972
1997,576.12
4663,660.584
5980,451.316
16295,318.432
17926,473.104
1831,276.464
6935,773.836
12164,472.076
2671,1499.0
20840,348.012
6600,2904.164
10832,502.684
2990,595.78
4984,549.412
11670,1328.856
16218,484.344
11487,968.692
9306,3514.416
8789,493.136
14353,1695.376
15764,496.836
6053,729.772
215,936.472
6055,1642.688
19886,360.788
4769,267.94
9067,474.448
18808,659.288
722,558.676
15940,1133.636
11707,471.0
12783,483.048
16583,569.0
14586,195.644
19758,484.132
15769,299.0
4600,379.98
9150,337.712
2860,423.832
19197,860.72
11261,494.084
7497,335.368
11688,487.956
208,523.412
18260,1050.88
8582,324.736
19882,378.672
12061,418.036
137,416.048
17565,477.02
4147,498.556
3250,291.848
740,555.544
2505,371.316
13389,471.0
2147,459.412
10568,289.0
18671,327.524
17051,353.38
12302,1049.0
2960,505.22
11555,399.392
15045,1043.108
1553,376.208
2187,1053.984
16526,714.764
6774,261.148
6495,507.584
14596,524.344
13466,984.096
112,782.66
16813,773.524
5680,2471.764
7300,503.356
15846,361.86
17125,731.124
20639,231.024
13407,149.116
6236,644.42
7615,349.976
3407,677.712
10170,1547.388
20297,449.472
20164,274.828
19733,362.272
6443,521.948
15740,486.496
5416,651.264
10084,624.2
15260,567.912
9653,233.0
12406,444.92
9113,499.288
3942,690.528
8097,290.292
14919,356.032
4570,429.732
10518,447.928
1940,1636.164
3921,499.0
6690,502.28
2948,599.0
20378,354.036
6764,415.728
4109,1521.816
9014,673.692
956,415.788
3507,471.292
15873,466.364
13744,494.316
14872,445.528
10444,2279.0
14794,469.8
6051,420.616
5214,2683.96
20782,496.56
4937,699.0
8345,315.204
17754,474.62
14517,589.864
4722,489.828
9116,169.0
11825,344.16
19403,341.356
18726,976.252
3307,2025.0
7428,411.328
6220,251.176
13044,493.16
3264,415.144
13182,523.104
5253,291.484
20819,408.54
19661,308.716
15641,719.8
17916,499.0
19802,433.752
15345,434.392
12267,370.024
6586,601.96
3509,910.268
13178,364.476
8581,247.304
10338,1093.208
19157,706.384
17342,249.484
13117,189.0
746,509.16
46,394.18
9516,604.64
2240,276.28
13131,448.404
20331,531.58
18432,587.804
15331,2228.336
16671,812.436
4424,577.596
5610,3113.276
3092,445.016
12929,328.704
4164,516.956
5137,352.204
3348,577.356
8792,368.02
683,497.596
10814,281.08
216,326.684
17116,250.056
1204,608.376
10126,304.916
17232,568.2
5815,518.308
6019,2358.048
99,432.068
1294,343.688
15111,448.76
5250,412.156
19241,318.32
13248,778.68
9327,442.544
3111,209.316
1796,2432.96
17099,566.108
12930,474.288
2248,347.872
2353,506.188
1887,400.268
8237,842.068
20642,403.224
4161,531.308
2498,1828.508
5484,2072.16
19853,496.576
4041,3704.752
17344,669.348
19231,1279.792
19467,299.18
5516,313.636
13289,569.12
9141,298.964
2611,474.9
2183,888.032
6160,328.568
11275,298.0
8391,679.384
9674,199.54
6312,741.148
20498,402.128
12052,728.832
1514,448.54
19613,472.224
5771,249.16
10651,722.712
7017,365.5
19718,488.264
13168,2366.884
4171,819.0
19939,370.584
12835,384.044
4816,2154.532
19388,1436.704
13006,493.0
18489,984.584
18136,1135.544
7486,162.68
1546,401.116
13702,378.656
498,489.216
3302,477.772
14581,687.02
14763,520.636
19076,1451.5
17107,507.568
8898,504.444
10033,679.0
11615,1322.504
15488,385.636
11359,600.152
1618,381.268
5646,370.428
3228,442.8
16996,582.536
2578,290.936
12777,407.44
1746,406.224
7550,499.0
16545,536.492
12420,486.424
10053,315.444
17427,412.012
8462,249.0
1534,303.256
3354,437.42
9972,311.468
1247,561.3
18453,455.996
8319,561.216
8901,475.3
14614,571.392
13927,420.152
14920,2093.004
4480,826.636
2743,576.008
9111,520.2
8900,458.56
6445,436.636
9717,1163.624
7955,310.16
5456,426.024
6731,463.828
20450,307.12
875,440.252
5055,1029.104
8393,533.224
8508,2534.928
13925,349.12
19826,295.576
11840,399.0
18609,320.616
16738,347.956
1079,1170.312
12476,1596.56
10710,698.2
11730,551.7
12604,678.384
11109,291.088
9477,942.976
5608,294.248
16912,267.716
11945,405.284
15566,532.66
7532,2135.6
6831,499.0
18149,334.928
84,302.584
17145,351.472
8513,299.0
1067,503.632
17302,517.196
15420,585.796
7785,3486.752
1814,245.624
14712,263.368
6707,196.076
20250,533.336
11303,664.676
19223,282.052
10413,602.732
10753,431.54
8622,218.936
4182,514.288
6550,474.892
13386,491.064
20942,303.584
810,590.46
12146,498.496
17679,452.724
8590,345.264
7716,254.692
20336,241.548
12456,740.608
11757,457.204
6076,411.544
4990,318.484
2503,514.972
7700,1242.152
15369,2418.652
12707,2131.38
11071,433.116
8431,224.544
20858,2170.4
4351,341.64
11701,913.976
10454,396.792
17535,547.508
13490,1921.556
488,586.416
8610,393.708
12201,459.876
8537,275.0
5640,392.096
17262,421.86
16326,366.584
17199,355.912
3671,905.388
11987,596.3
10613,350.832
2949,379.516
1512,510.296
15896,865.832
5384,305.056
2067,236.148
9785,425.056
19057,458.108
13412,455.304
4585,660.156
9872,375.22
2273,417.42
20099,966.132
13224,233.02
5935,792.928
2033,548.4
913,770.912
15388,437.592
14322,275.0
14769,2175.824
75,606.456
4494,451.744
9611,489.06
19449,628.696
3048,213.412
10970,425.18
19879,735.556
11813,325.56
9829,549.388
9282,375.86
15090,702.584
16509,455.844
18979,2112.896
19553,1864.284
1061,735.176
10367,148.996
8758,1930.44
522,455.632
2686,442.544
6760,999.0
2195,784.516
14396,932.976
7406,862.04
2666,470.912
14159,460.56
12529,231.06
2010,743.64
3793,1420.708
16270,447.272
10620,694.168
9848,358.964
20150,454.732
12907,1481.984
17794,330.988
4331,1969.076
9210,471.616
19135,458.324
17319,473.772
2682,596.708
10141,1049.0
19281,232.796
1836,314.1
15536,383.288
6777,592.028
19150,603.36
9563,316.792
1809,350.444
12261,505.4
9213,301.656
3009,213.992
2867,1094.668
50,2692.0
2728,199.68
3452,361.228
1777,404.916
12754,770.124
4181,819.0
18206,549.88
17227,456.716
7204,775.708
8001,308.448
678,2628.3
5677,305.328
1200,549.176
7956,450.92
8538,492.844
10087,801.42
8004,749.372
7445,756.0
2288,492.108
14516,377.192
12755,899.0
11082,553.176
2481,299.412
14510,457.072
20240,656.572
19868,372.88
13424,351.284
20764,564.884
11415,951.376
4982,466.024
5593,747.336
20783,323.168
19232,438.192
6721,999.712
19503,511.364
9001,353.976
9217,338.448
3760,569.76
8945,368.276
7086,389.74
8954,614.64
4785,403.76
1517,572.44
3100,401.3
13473,752.152
5826,1361.232
11368,399.412
1971,553.688
1884,517.64
14673,326.176
1119,559.964
17721,470.388
6210,591.472
6847,674.9
11123,283.99
6409,386.968
9054,399.004
16101,306.528
14288,312.172
11741,747.768
4100,1049.972
19013,199.0
1878,659.436
3496,299.0
5801,500.308
4279,455.224
18680,1379.4
14742,584.332
6276,311.808
13345,445.696
12264,1330.94
9266,899.0
13897,452.208
15487,288.796
16831,589.924
978,551.388
11976,255.824
19176,476.308
17220,533.78
4481,298.104
4317,599.784
9881,449.0
12668,749.0
13498,456.896
2236,464.404
18155,455.404
18792,899.0
16960,467.636
8967,412.572
14611,996.876
11254,395.12
11500,499.0
14376,1026.424
10116,1193.26
5639,649.192
15454,439.808
17967,441.1
11244,567.816
19541,249.912
6442,741.148
20295,832.308
3350,780.3
3799,448.116
18074,2565.408
6466,550.136
16324,1956.236
16054,361.168
7601,308.588
10152,3784.516
12063,413.164
12243,414.652
15080,450.928
18479,482.28
2520,414.376
15585,787.768
1642,293.832
20374,539.84
10580,2193.904
811,1515.368
13638,697.0
16410,294.424
14341,674.824
3193,452.368
6506,2264.736
8029,387.768
8955,474.0
20504,516.712
17084,2155.532
16649,2330.356
15772,431.184
11702,524.696
2729,582.432
17946,484.048
12078,247.612
4950,365.788
11644,391.124
7313,542.048
10026,1022.348
17160,244.012
15214,455.772
13341,296.42
9557,1049.404
6908,499.1
8691,332.992
3684,585.932
9981,397.492
7655,819.232
7980,403.628
8626,358.524
10450,1451.684
15576,2431.06
18989,490.1
9697,697.8
3327,492.888
15231,149.0
4798,699.848
8450,520.54
15687,359.956
2100,608.484
5239,589.144
3398,470.572
10134,292.836
14263,305.18
12829,339.0
2381,2002.252
17093,454.304
10987,351.092
15892,297.976
4834,1214.32
1928,484.196
18141,447.148
15093,497.884
8643,491.556
12453,652.216
13330,790.0
4048,1064.032
16720,586.208
18341,2176.064
9363,756.0
7459,475.152
865,490.776
4921,209.256
18803,547.64
8283,358.624
11393,479.644
15723,402.084
7018,326.64
20411,547.136
18490,780.768
17003,199.6
13698,635.236
15255,176.592
2907,310.068
11778,450.464
1577,252.588
13074,706.272
14883,346.128
6222,299.0
13128,402.092
2434,356.068
85,416.932
12193,262.852
12417,639.0
8304,842.484
18877,370.692
1579,339.856
1623,2062.904
7500,384.724
12335,1151.356
867,362.316
16759,1037.528
10453,338.144
14969,679.16
55,445.436
8305,804.292
12594,2152.852
17429,396.86
7282,668.232
4,541.228
9318,4596.884
1970,600.376
12770,613.944
20697,305.076
19811,339.14
10115,2485.912
8230,199.0
2064,290.444
4234,2358.148
10903,494.352
13255,2448.384
1696,438.312
18443,508.236
15636,360.456
15436,997.476
2806,2081.672
1544,1007.72
1071,263.912
17066,490.616
5760,360.432
12957,684.924
18103,838.976
2573,617.396
276,431.248
8718,496.0
1235,508.912
1206,225.876
8855,847.748
5446,492.516
6937,431.3
5849,3142.176
9060,389.804
14591,499.0
4417,661.688
4135,328.772
2959,2019.892
17783,1569.3
18242,463.924
8595,316.148
19797,2263.432
32,1369.024
15869,507.976
15471,479.616
11353,302.876
15720,2700.212
7172,280.46
1212,482.56
18317,1653.812
6481,314.0
6437,481.716
16909,336.332
5921,1577.94
17198,646.308
7960,642.316
4370,316.592
6147,424.62
5978,686.956
6403,315.032
16766,531.224
3511,521.804
11222,482.996
18514,417.276
18655,391.348
6257,3828.344
19983,630.04
12207,231.14
8564,336.428
5713,2311.084
17293,479.696
9736,360.932
16401,169.0
17974,431.188
19274,475.176
3742,533.316
14265,1059.016
10895,493.512
11161,426.076
10570,394.896
2165,457.976
11418,332.084
11485,726.58
15525,385.492
4142,410.648
872,2807.008
15963,311.936
9078,385.928
13715,431.952
17962,283.972
12210,404.152
3906,720.328
12171,484.072
10385,403.528
7473,366.3
11325,304.088
1236,3007.596
4288,490.988
3299,496.556
20741,471.056
1366,570.34
13979,371.932
16959,721.552
407,786.944
16667,2185.296
3405,936.912
942,407.016
19330,656.764
6765,1050.372
4627,320.512
11516,1162.24
10245,402.88
18883,590.276
7693,225.0
12274,1325.136
16426,2324.7
2392,1007.404
8332,673.3
3648,701.2
7614,301.248
15310,450.808
7731,521.748
12255,576.032
11553,368.604
9426,835.0
3364,103.056
16341,2526.608
11994,527.648
1211,581.548
19586,452.88
5230,450.444
16932,269.324
3426,560.54
19068,471.052
20309,494.56
15921,231.392
5934,1493.252
16931,474.312
7197,310.808
10081,398.844
15625,1458.496
17799,2957.012
4064,376.764
3495,288.176
3984,552.296
4530,858.772
6531,465.744
7736,742.212
14959,370.908
10151,341.764
11423,391.336
14204,416.94
18574,2355.536
10055,851.928
7169,332.732
3456,493.28
132,1147.992
14661,255.0
10474,297.12
18873,520.568
12287,426.664
16342,299.924
3913,392.732
6377,244.228
14857,217.188
16593,1552.96
18772,389.072
19268,623.42
2118,473.444
16470,2740.408
4832,307.484
20174,388.736
13963,381.82
10275,440.172
12653,496.0
10132,298.596
14223,2136.716
13163,392.796
3425,246.44
12748,851.164
10646,334.488
78,487.256
6319,460.98
10683,498.104
2387,2096.224
16068,2802.296
14828,439.224
3556,324.564
19764,1245.684
6238,1426.984
7006,352.336
9019,445.1
2080,435.436
2027,309.668
2558,298.748
16894,524.268
15277,299.0
734,430.4
18062,700.904
2647,468.788
3486,499.028
13238,359.312
14561,521.58
11238,400.8
12284,482.52
10173,492.712
2589,513.684
603,2622.196
16141,287.86
15251,1379.008
13038,338.268
4701,496.732
10409,648.268
17522,637.772
18511,394.536
6701,420.68
7976,1382.88
1532,1341.832
11679,205.188
8906,502.46
5115,428.524
6714,990.488
926,623.868
12892,360.0
9882,199.0
2680,578.728
17369,925.328
14987,389.424
17378,465.408
6065,411.252
8420,395.148
9837,672.284
1987,407.332
8921,397.432
17873,496.568
6064,749.0
9960,408.444
5678,400.964
20775,2152.108
11212,407.256
16787,352.088
16752,484.588
12779,348.372
3735,711.848
16479,540.548
197,543.06
179,411.96
5402,299.0
15264,578.644
9859,169.0
7627,399.428
15141,493.568
14720,435.336
13239,599.344
10838,475.396
7100,637.724
4342,673.672
12290,3305.268
16336,586.532
13379,366.264
7392,1736.724
3049,256.748
1896,498.304
12495,500.78
2314,483.744
4877,424.684
15669,696.568
5571,582.244
5206,198.596
10046,549.0
18599,508.416
16873,344.388
6661,399.0
13047,315.748
17964,384.256
3173,398.9
1327,462.444
20088,372.696
2969,524.816
4493,2142.644
6825,513.108
11233,544.256
6793,373.608
9083,598.572
468,406.244
5121,274.888
1726,246.04
12595,1679.104
17935,577.588
5430,450.292
7683,334.152
5730,518.912
20888,460.592
20352,581.284
8397,2052.956
19256,326.18
9440,1467.76
6964,2473.84
17426,496.688
12674,554.656
8958,284.76
8151,473.404
633,2202.376
11357,336.636
2511,832.0
18658,1067.856
4046,958.908
11414,213.48
8187,464.672
15236,503.896
18220,690.656
18804,2537.86
2824,1481.384
13689,188.68
12810,393.156
15197,1920.664
11379,351.08
5983,553.428
7630,143.352
7585,895.452
3855,379.028
20132,606.692
6633,498.24
3836,398.628
11748,298.7
18097,432.592
2023,618.756
10510,2023.936
7981,449.524
5569,539.588
3273,479.64
14693,521.584
3178,381.488
8278,611.228
94,575.576
13811,447.54
8926,323.624
20212,396.34
16955,439.964
9938,368.448
9902,617.872
5362,1370.684
2822,498.8
5296,299.236
2478,466.42
7367,459.316
20886,2333.164
9046,308.668
3897,324.368
18967,328.316
2202,1114.8
16811,2817.092
11474,385.148
18478,1336.216
13981,691.176
1358,631.068
15007,537.52
7437,376.108
13374,220.0
4977,492.3
17599,1491.88
8344,498.008
13789,945.416
10164,391.988
16791,496.948
5785,538.132
5622,204.892
7504,436.744
14011,1104.952
15408,643.408
13284,417.308
11204,562.048
19418,468.424
1410,598.896
10401,572.608
10750,315.276
13001,465.916
2518,347.184
10816,297.588
13650,1807.992
5461,363.096
8399,375.556
20229,526.3
15228,433.96
2655,321.032
20425,529.328
8698,439.7
3211,1118.268
2231,491.12
15639,896.92
2612,497.032
3421,609.0
16934,391.78
4454,481.836
1392,287.032
2988,579.896
10008,354.532
4974,881.484
15379,470.24
10107,3056.252
13745,389.804
8070,2392.952
2780,337.912
5568,410.112
3778,674.92
3817,481.084
12471,199.284
6865,1582.348
1558,494.772
4375,449.0
20707,584.624
15492,375.436
12189,1302.252
4473,2511.008
5969,300.152
6898,597.152
12364,549.0
5615,387.72
4623,471.044
6756,470.764
4418,419.248
2184,2356.672
9208,405.824
7010,482.22
15477,351.372
10734,685.4
16493,385.972
7454,394.84
7816,2591.996
17458,497.12
5627,414.94
2030,496.32
1656,2043.048
10885,301.616
1160,365.296
19741,444.828
1490,617.98
1768,358.34
10344,411.712
14354,450.74
20517,648.152
2793,251.84
12033,511.496
1286,472.688
15861,580.712
17734,542.188
10282,288.632
14369,553.624
3834,897.112
11493,525.524
14365,823.988
1281,411.02
6786,555.504
387,502.204
18573,494.052
8042,501.196
7039,4030.12
1215,423.74
5479,777.384
12270,465.456
17305,499.132
12225,1057.464
19456,2617.616
9551,199.0
18013,189.48
1004,305.908
1081,311.232
5889,245.932
18811,561.824
17996,3220.112
17856,501.516
3261,968.6
5345,397.792
4043,596.892
10353,1423.2
18273,1150.272
12522,317.42
10480,298.844
3078,424.168
16536,620.992
17684,584.468
17558,576.484
15254,357.908
20208,487.248
2941,474.0
17047,690.004
6249,227.976
16707,584.988
7358,343.752
5909,1743.0
5612,488.192
7957,501.196
6328,918.916
3192,472.7
9261,752.116
8530,210.636
14102,474.152
7016,764.56
11253,270.64
13807,309.588
580,448.648
14548,530.404
325,395.204
17871,169.04
20657,389.32
3293,553.052
11245,661.784
18663,299.928
4944,597.188
3895,484.608
20633,413.272
471,654.224
5549,498.268
8271,520.076
19895,437.896
7669,445.888
14785,457.764
8861,1142.636
19445,199.0
13862,1496.996
19629,403.124
9226,499.0
10481,180.008
8141,926.932
19252,498.0
2499,699.0
11881,382.876
8155,641.056
1522,247.376
15261,432.476
17886,362.504
10935,493.136
15230,368.048
16164,484.14
18099,226.496
16619,310.016
19694,613.48
5290,299.0
14700,1712.312
10698,526.172
17908,495.552
15908,352.388
10193,629.732
9911,1808.68
1208,687.196
16818,2081.376
9707,464.468
20930,1511.72
1767,517.636
52,964.604
3562,169.72
14695,449.14
7666,253.668
12635,535.836
3341,330.224
10844,539.472
17089,1602.924
10775,338.54
19427,2109.784
18585,2718.668
13400,484.532
16860,395.86
17469,819.0
11262,474.3
14236,549.0
3276,290.368
16588,368.34
20221,384.436
20552,466.136
4294,756.0
6471,364.528
9185,354.704
4803,2092.908
4233,400.7
4003,374.512
16498,713.32
16650,357.688
16202,570.548
10261,605.076
16366,414.812
13084,405.364
13568,295.98
11969,4683.68
18582,688.324
14275,281.372
10617,557.164
20529,233.388
20304,2159.136
14941,571.504
6613,899.0
8221,408.192
13344,454.184
11503,456.8
14310,545.412
12874,199.0
1185,356.404
2749,1799.64
2652,548.936
13717,429.296
12891,405.328
14391,299.74
10269,438.196
20541,968.78
13258,298.92
19112,201.372
6713,2691.836
20051,481.608
10452,425.996
3837,444.844
2606,471.428
1085,455.624
10426,281.416
20314,781.576
1680,2796.24
9178,423.252
18974,314.0
8787,339.252
10360,394.84
10372,758.112
11338,1701.66
16252,566.6
17180,289.94
627,615.908
1766,450.916
10584,2173.0
14402,435.164
2440,562.632
5925,396.068
3680,367.712
1614,514.14
20469,428.6
10567,691.74
4403,595.348
16350,324.772
2035,375.184
11290,3069.524
4192,447.584
5738,2032.468
4167,351.532
9771,2045.304
11347,423.332
17389,474.82
14192,463.5
2122,458.44
11612,4119.212
17598,791.952
19912,993.132
11531,596.12
14112,487.704
19778,542.864
15423,450.148
18523,755.372
4139,299.276
9280,210.96
10300,318.64
19054,3349.732
3294,654.9
10690,388.84
2024,672.42
1082,371.996
14278,314.048
11859,180.04
9480,2787.26
13446,878.24
5093,309.66
20452,487.796
19310,593.996
993,472.264
7852,468.336
12814,280.808
6358,407.14
6643,386.12
2460,311.068
7210,433.04
19072,1607.024
12926,242.0
15587,287.536
20619,330.356
18377,207.868
11028,951.62
13901,834.784
17503,792.204
16262,547.468
3854,456.68
13863,552.124
3263,455.928
1870,1533.744
15703,942.676
16681,431.172
13263,297.672
12064,470.468
499,457.544
10111,483.084
14292,354.956
15893,279.284
14741,829.572
3419,316.816
15084,3182.544
17511,2077.552
11451,599.0
18789,362.856
14972,379.804
8047,399.404
9909,811.92
9064,254.692
12083,414.032
8870,479.788
16469,472.572
18730,569.736
8280,755.732
128,527.652
3636,694.512
6832,1447.532
390,415.328
15366,447.868
16383,314.124
6815,148.992
6850,462.356
20162,242.268
15030,399.4
13318,497.544
13950,380.076
14709,1397.508
14749,469.08
16987,402.636
10382,503.828
11552,658.376
16936,307.176
10839,270.808
5483,584.0
1115,388.692
9107,289.0
14732,699.0
5667,323.628
3409,487.728
7576,248.984
14938,1499.0
19243,298.28
8521,303.28
19790,1712.364
16392,399.508
13441,434.2
5018,399.716
20878,391.648
15848,409.204
12896,404.736
19607,467.692
18303,1086.62
9156,649.788
19019,550.14
7906,435.176
14988,442.832
15866,384.328
1597,432.268
12299,661.048
5179,684.948
5186,630.304
996,565.712
393,413.404
9539,317.74
8869,460.536
12830,446.988
17781,169.08
19020,148.764
4703,290.292
12619,496.0
11527,465.784
20303,395.664
10327,401.1
17498,581.744
4023,496.0
18820,583.912
9725,482.788
4146,451.32
17213,996.416
15438,507.216
16812,427.4
10878,2025.0
14219,1499.0
2304,278.78
12684,2054.728
12613,360.592
17329,631.048
4612,309.172
9015,898.9
4208,273.492
2415,418.048
7130,456.32
20382,1222.428
8251,863.204
19043,664.968
5298,261.452
17076,398.828
414,439.356
6627,500.976
18398,633.892
14703,313.56
7549,987.944
10350,333.328
20009,495.968
4622,868.988
19271,1098.488
19567,1804.664
4251,413.692
2610,400.988
8274,906.404
20937,439.62
2782,2238.176
17126,660.156
3062,349.428
17028,407.568
14976,485.624
15005,1049.0
20940,2307.916
19320,283.136
2869,3028.504
9264,329.0
12065,331.824
20042,290.708
3291,542.48
6965,367.092
2446,1062.3
20000,1114.692
9770,463.372
12662,485.112
13188,498.0
10637,448.696
10009,465.836
9892,220.432
98,396.188
5886,276.076
18623,501.284
20729,288.54
9961,545.248
3246,375.748
368,330.356
20011,2434.288
20777,2628.98
7678,2284.332
14412,599.828
19820,813.348
3427,517.092
16596,433.868
1457,601.06
20128,463.632
17546,493.96
14532,495.972
12440,363.664
8386,313.268
20214,410.272
3567,1329.024
356,720.736
8519,818.492
15327,671.284
7787,1631.7
8364,1739.58
18217,189.48
13442,249.004
4850,500.26
9690,498.672
9403,417.236
9248,1000.188
15374,335.736
1606,256.496
5024,456.692
1793,475.632
1585,472.416
15685,284.364
15414,324.132
3553,548.34
3720,428.932
15880,276.028
8771,289.552
15998,531.472
3279,346.82
1304,390.524
11436,300.392
16916,455.46
17282,398.04
13667,1677.312
16296,379.0
14895,379.288
20478,845.296
11318,583.256
10464,286.628
6858,500.884
17850,853.0
18740,835.66
8165,449.0
10232,489.384
10169,758.272
15867,1958.748
3219,608.104
3074,993.752
16603,247.072
15987,1504.444
16329,398.64
4267,2025.0
17418,611.34
12582,557.628
19839,326.936
20563,494.644
2695,641.988
11659,1707.94
20328,372.368
18701,473.856
19064,758.532
1028,566.804
11871,447.908
19082,1455.204
8347,498.0
8056,299.248
11187,790.0
2501,582.24
12692,442.008
18256,514.528
4186,371.688
2464,702.916
8963,3493.516
5071,473.904
7235,148.0
14834,261.224
4907,299.212
5841,419.276
18316,278.456
15385,386.136
15318,676.124
8404,295.616
1646,501.176
6619,447.692
11463,379.276
2887,873.796
17281,3145.716
11320,1691.82
3079,1108.904
11521,330.368
16542,1969.484
2984,496.764
19655,3464.94
8082,332.764
2911,169.516
709,419.804
7521,221.172
18957,941.556
11200,1706.924
5515,675.1
2839,785.424
3594,561.46
1311,794.624
6132,321.98
11090,1281.08
230,458.372
8355,3362.152
16072,314.0
2038,649.04
17236,667.708
4416,1130.356
20611,615.04
730,445.096
19421,282.308
3652,682.796
20348,437.744
10039,2368.284
9395,346.36
11584,588.0
7616,661.78
9704,1347.624
18568,399.0
19549,496.0
19229,397.9
3428,447.148
20449,342.7
16137,841.736
4690,715.648
13899,1100.948
8369,348.736
17260,514.508
20539,303.388
1201,2222.768
15654,2322.052
10609,578.552
8339,511.904
3515,3648.472
110,359.232
20925,482.94
9926,399.0
10351,638.26
20255,513.596
11908,599.656
15038,781.748
8868,1529.34
8268,3554.048
13061,590.0
4835,1517.448
3928,1553.632
8522,649.068
14403,254.56
3143,452.5
14743,242.452
1923,523.28
7285,599.0
9806,400.512
6237,279.876
16539,1933.648
10574,2632.764
4605,506.984
12459,437.328
10377,2718.72
11995,553.672
15378,1499.0
12844,342.64
5918,496.0
20560,351.72
4254,1049.0
6304,438.364
2811,439.964
483,2148.44
9081,387.0
7338,2025.0
12034,285.86
7005,284.376
3473,492.604
16525,397.432
12726,580.536
11278,561.136
8657,789.652
6845,3479.888
8978,339.768
16059,510.78
8412,604.62
6287,281.08
18706,188.16
3402,650.38
8106,448.4
8499,1046.816
3765,465.908
8994,544.344
19261,399.296
5172,298.472
11032,1076.272
1909,637.18
15891,1650.976
8510,350.32
19609,378.06
19904,410.284
13264,496.272
9576,439.16
4321,559.568
8524,565.112
15779,370.356
8145,392.064
15990,2014.02
6143,402.676
3152,467.484
14708,890.248
6438,564.0
6125,647.348
17217,407.268
18958,278.456
4868,564.0
4706,581.776
10420,590.516
2343,537.756
5722,672.564
18930,956.148
8144,402.544
10123,239.0
12263,421.172
3856,627.408
6101,234.064
7165,239.116
20136,597.08
18397,1831.74
17955,510.976
13617,484.0
4905,730.368
20275,304.316
13610,338.132
4426,573.124
16210,1539.412
6097,725.34
9803,698.092
19062,458.376
4227,865.54
4187,1041.376
11593,189.568
10629,2235.168
3142,418.024
17531,693.216
8858,836.0
11845,249.0
1147,456.92
18646,473.256
6089,1511.156
4566,394.408
11677,359.548
533,474.416
4065,379.652
17360,244.796
5555,383.4
12715,262.928
8780,435.86
17639,521.424
20440,589.108
7626,475.804
3968,1936.916
1519,610.52
18997,501.676
16673,151.46
6708,299.0
16178,408.672
14714,322.772
3644,691.436
11841,301.436
4614,323.972
17316,514.228
19474,456.064
6930,323.312
3268,484.008
10857,356.156
550,491.272
16287,2212.468
15224,2385.908
18252,476.704
3654,1572.332
6492,298.88
13266,243.0
10777,570.676
15745,317.284
1029,598.028
19866,291.38
4120,467.168
7225,390.576
17485,1892.136
16622,981.032
934,571.876
4093,496.684
9278,336.74
15567,459.828
894,1785.932
1734,559.316
16782,917.624
6710,447.256
10988,376.416
12762,485.112
5949,538.264
12426,334.328
17594,213.272
5177,474.0
6288,479.18
17929,401.172
1241,429.608
20044,276.588
13426,446.972
5286,236.684
688,267.34
20802,386.812
6181,519.136
16374,492.532
15556,2038.4
16533,512.136
16827,1035.984
138,1554.908
11471,275.492
10109,524.064
13227,499.0
5327,242.52
16024,1131.628
6514,397.452
5539,1601.2
13628,254.848
7040,360.0
1381,598.632
18940,382.664
2379,412.268
7844,1049.0
25,604.128
9339,415.372
10477,2655.884
6482,851.736
6730,332.888
8864,308.976
5789,356.688
2427,491.816
18570,587.072
16684,488.276
19465,279.46
10502,336.408
8989,569.116
19989,1114.692
12876,165.968
1789,2063.688
11763,1016.34
10821,299.08
8158,487.892
1264,499.408
676,1126.52
19278,446.784
277,363.244
18352,1197.44
9112,611.612
6647,370.176
4692,598.4
12038,398.948
10863,398.16
9139,1170.964
5823,496.592
2531,473.344
9421,484.324
14083,419.488
3801,677.56
13685,1288.784
12631,649.0
12501,707.02
303,431.256
3618,474.408
14316,481.988
12028,267.804
5475,597.128
13669,626.828
13662,409.036
18467,210.396
2535,498.164
3044,2432.116
7888,307.972
12790,398.984
19107,1270.616
5647,2035.788
9980,545.896
20787,2434.512
18085,1046.828
20216,387.568
760,433.32
10097,713.536
5080,283.22
19299,463.156
17960,426.828
6909,2147.272
20805,231.48
9132,397.72
7780,474.708
7438,389.484
3122,223.224
12295,247.2
9687,2847.928
16510,497.36
9126,957.448
11406,681.676
14609,588.78
8882,300.46
19588,314.18
2308,390.788
7493,381.844
8779,2295.024
16142,1463.864
11673,315.512
13414,745.888
1342,256.46
14658,368.444
1323,292.556
4219,427.596
7299,318.792
1073,400.764
17464,1038.312
9918,397.468
10847,557.048
2641,2416.272
9606,677.036
16423,312.56
7670,613.344
16026,406.756
12894,317.404
4012,750.292
18338,483.788
4264,419.096
2490,422.988
3757,2422.788
11705,2350.96
11483,466.068
8872,400.548
10419,1050.66
1617,704.068
10792,2313.74
3947,2871.56
2775,526.444
2966,457.188
12409,590.784
14207,496.392
13478,199.996
16464,238.024
15659,473.188
566,687.328
6587,527.38
4563,387.54
14501,254.096
18760,1669.5
10234,861.856
15162,2260.5
20923,1100.58
10886,315.968
18910,857.428
5763,568.804
8287,697.204
8765,580.644
374,419.292
2208,335.156
12166,2744.58
18791,2067.452
11135,1256.984
13500,293.908
12700,956.952
3967,379.18
18638,438.552
4691,289.0
1621,1926.528
8550,508.592
1373,401.496
19270,612.42
3683,422.064
20604,535.48
12477,599.0
2912,313.864
4411,615.676
11309,406.304
2471,989.288
5203,489.124
8573,361.52
7795,1776.2
11507,301.312
1985,463.284
15296,572.62
14686,420.0
9713,240.356
3918,704.316
18240,530.608
4681,359.588
2563,480.188
13770,578.14
17336,652.724
19340,477.484
3732,409.232
2564,369.412
12661,337.2
12416,482.66
4057,492.468
4983,423.368
18729,367.0
1065,1118.636
7613,284.828
9047,432.5
3157,503.9
9847,499.928
5063,2210.2
8396,327.132
4018,192.236
8799,317.436
11631,1499.228
18593,564.04
16722,2030.66
19393,422.632
12188,526.288
19423,423.096
19327,476.016
3437,208.32
12852,419.772
14488,728.988
19725,263.636
12565,199.0
11369,790.0
2814,444.544
10688,288.216
9215,1047.192
19410,574.516
4102,361.644
17444,498.1
246,596.296
19164,534.928
1782,2078.576
2926,397.504
11365,500.236
16018,291.5
7249,574.26
1683,792.228
20067,375.16
11236,2435.144
15763,4142.788
13085,621.404
1124,681.116
8334,479.852
14808,342.988
6817,551.908
11797,393.104
13683,261.048
11852,580.54
15150,287.884
700,315.372
15778,325.56
13452,314.6
11641,493.136
17493,422.524
7873,664.0
17602,2553.496
6327,773.516
12629,483.848
2629,501.584
6214,306.752
19674,233.6
403,329.764
6427,400.688
3569,478.584
6025,1285.268
7640,230.6
12320,697.8
18999,672.764
15499,1162.28
2620,375.592
5939,1797.5
18426,357.812
10537,378.348
8006,999.0
7758,482.292
19739,394.812
940,353.744
13587,760.308
8502,382.504
6742,649.836
2919,2797.212
10658,399.224
5189,501.24
17215,1499.0
18274,2536.74
18832,405.572
10227,289.0
6984,300.14
5265,605.132
10697,455.724
10633,341.72
13560,614.708
952,438.06
4807,475.552
7275,417.876
14903,449.564
1398,621.208
20364,697.328
9939,475.156
20397,297.116
4960,533.092
2852,454.584
10071,978.82
15094,465.16
1744,407.16
5881,260.204
18326,279.168
17662,554.4
19634,1554.72
9088,1251.06
14810,569.0
8188,508.504
13676,498.12
2840,2148.592
2210,439.104
20444,713.756
18857,487.768
4561,424.0
20521,731.66
15694,378.884
8615,477.444
2170,169.224
19395,2672.8
10118,488.236
11623,315.28
11662,656.1
12196,352.5
7749,648.736
16109,311.656
15715,495.856
11640,299.976
10755,909.308
7779,376.404
19743,1259.624
639,468.82
8376,380.96
3288,696.268
18022,259.0
9944,743.656
5142,402.892
16668,447.104
8905,503.228
12148,424.412
9087,646.944
20402,586.928
7153,355.952
17987,597.624
9587,441.284
16195,739.016
11127,736.78
16025,622.0
71,568.3
17805,545.788
19460,223.492
9912,285.28
5361,618.0
17447,2338.68
11716,284.288
1818,452.388
12199,183.94
19744,600.316
5372,272.656
15655,1159.512
1485,299.96
4076,1049.0
14860,599.34
7943,465.472
13565,398.748
9231,237.028
4412,331.996
13671,599.4
8923,399.0
8190,199.0
4247,1963.776
11202,536.188
3321,872.16
1894,319.024
18497,417.484
2624,483.064
4482,364.568
3872,640.8
15157,1665.804
2850,472.864
20816,448.632
7468,325.192
20096,499.748
8899,151.664
7706,610.012
4857,955.88
3674,312.748
13601,436.648
10995,552.876
16507,484.688
15184,426.04
15910,500.792
14943,629.0
3258,528.0
8843,1280.644
7913,1333.516
13275,618.016
8557,189.0
268,473.208
8026,416.244
18762,461.46
12520,484.688
13820,258.96
6513,519.248
18000,526.968
4001,439.704
8414,322.62
2849,2376.796
17779,311.172
8916,1095.524
13658,483.304
6785,360.08
20799,835.02
12571,342.424
20207,361.776
17539,379.804
17914,279.0
5083,434.244
4912,431.78
10384,419.756
15834,554.48
12395,341.556
2043,502.708
11429,375.66
4640,825.352
2766,313.92
12922,962.248
1244,650.96
8400,505.484
10101,1029.416
9279,316.892
14590,463.224
7013,327.148
17728,523.812
9069,505.964
2354,2092.636
9708,1709.612
6544,388.832
2752,294.376
13675,299.784
15078,412.796
9349,851.9
14946,585.256
9594,906.092
7233,530.396
2077,1068.324
6171,621.288
7082,655.868
2301,399.0
19888,403.284
15693,199.0
7059,429.076
7224,325.76
16527,3015.604
7506,452.476
17905,321.248
18814,572.184
10735,424.232
13469,1932.7
10493,382.836
18926,1902.172
10632,390.184
16950,476.348
16948,375.7
20659,1379.712
3045,354.724
19161,689.54
11695,221.04
19530,294.832
6822,569.0
19977,1017.976
2723,379.476
10265,1880.608
6451,428.98
13649,469.452
16568,826.356
16712,2137.288
14850,875.0
15653,496.488
864,511.108
6999,263.444
7475,985.512
12070,558.048
18844,484.596
9382,398.68
19518,469.692
12998,473.008
13054,363.588
18653,657.568
6353,382.832
20693,408.912
4429,1787.32
11449,929.268
12394,420.16
18210,401.02
291,495.788
12439,588.272
7098,418.756
751,403.324
15382,424.648
1612,710.736
20354,980.22
1059,438.648
4168,631.228
14119,307.596
15833,1018.38
6895,305.476
14755,805.612
4560,264.092
4828,598.348
6650,321.18
7118,423.336
5932,398.804
15882,597.536
8466,1117.472
16021,1451.764
9774,647.552
11058,215.636
16471,199.0
16298,587.956
12725,998.816
1112,548.548
4470,1802.1
6303,459.26
20686,528.316
11857,599.032
14258,449.052
18325,1000.668
19817,321.98
9515,358.416
3269,1465.256
6768,2851.124
11737,300.208
16485,828.904
4330,503.684
11416,590.0
4569,373.924
12985,559.536
2133,476.608
1292,349.588
1492,409.732
18175,3574.328
10807,338.356
15628,370.084
10487,799.456
18894,579.812
11085,521.036
4679,460.0
410,333.38
3777,386.412
7173,397.548
18178,565.72
12984,2344.084
16236,430.048
6282,432.328
1980,744.968
3114,544.66
17661,273.104
18650,430.956
13079,343.9
1634,1302.9
8632,464.112
3528,433.112
7444,648.796
10732,600.808
2898,1244.164
16106,665.272
8410,455.928
2733,1935.256
2001,473.1
7450,414.596
1396,1107.932
7776,1012.1
15706,213.184
18953,475.696
6470,317.516
16918,629.876
13328,1255.988
19180,765.36
16810,449.416
17730,321.264
18674,2139.008
14059,836.0
20853,420.556
1722,544.14
14592,421.264
11843,549.204
17776,399.016
11556,382.744
2121,509.552
173,458.952
17242,1414.592
13546,444.76
10915,303.064
4676,266.468
3870,601.396
5277,1768.724
11953,494.652
12410,2795.408
8891,1564.356
11893,386.42
16338,447.492
11398,382.26
4220,1598.496
15456,385.2
4869,559.708
11067,392.028
6229,484.552
16010,255.3
6244,497.1
7668,222.48
20625,455.592
9894,294.316
17982,572.552
5726,2227.688
4415,499.0
5204,633.584
18975,403.972
3357,559.376
5645,193.864
3639,308.432
15770,359.636
7689,471.504
3796,473.8
17519,398.0
7760,533.308
3981,648.108
12673,357.192
7831,502.172
4780,416.3
2303,294.044
7455,1379.072
20224,196.172
9805,2633.972
20123,2982.968
16065,1400.584
10402,361.376
10479,595.404
18290,838.976
5193,389.0
169,422.304
10925,2434.956
4471,473.184
1595,489.104
9670,206.764
10928,548.416
5171,444.296
7321,448.052
5755,937.196
18410,689.28
3283,302.088
3876,1007.612
5281,290.324
5273,603.288
1338,308.44
5031,694.468
1069,2567.924
5436,365.38
16084,452.004
18128,626.792
7877,278.812
8293,389.84
10718,506.572
8088,443.78
6552,1898.528
11156,424.38
12003,560.444
1197,786.948
15402,753.388
5782,370.52
3420,359.064
2599,251.416
318,483.816
2186,458.116
8918,399.0
6797,597.308
9071,460.42
5256,296.432
19248,394.924
5777,2879.936
10430,392.484
9004,348.752
7535,472.084
6751,375.3
7558,432.616
452,333.644
9876,406.052
19321,1820.608
9729,462.152
4038,428.264
17638,283.788
139,558.968
11582,493.376
19822,588.136
12666,382.5
13793,474.092
386,2093.9
11766,259.668
9997,402.132
718,581.048
9577,496.312
12905,466.724
19205,795.428
17821,526.98
4677,511.24
13291,241.724
16253,471.34
8902,569.124
5520,1870.772
14209,483.908
18232,599.0
19519,404.984
1418,473.884
16155,656.288
8358,781.776
3230,2847.708
3657,949.0
20016,449.88
6285,265.504
1526,456.224
19041,2702.38
15239,398.928
5271,426.512
8984,380.0
9536,1664.028
20587,400.6
15739,662.424
11214,369.148
11348,415.672
13866,1169.996
10668,864.748
18259,334.604
18998,451.5
148,523.608
2528,410.388
1763,687.04
14054,413.944
7062,199.0
8618,922.804
14756,759.636
18077,780.792
5234,501.94
10373,489.636
7622,819.0
4800,993.032
15561,3833.936
9203,495.868
7494,794.948
3977,335.176
19309,281.072
14330,493.7
7868,397.696
4273,442.28
7739,269.848
4923,402.1
20943,570.884
9172,489.988
7133,399.832
13949,424.364
19535,404.984
2798,413.932
10179,1657.184
11115,803.4
9031,207.02
15154,328.824
3520,221.788
4588,275.76
20019,538.696
6696,261.84
829,391.436
754,375.856
11733,465.92
19927,601.524
19747,1741.384
9628,444.428
9675,501.908
17545,2810.924
8291,999.0
19401,574.616
13727,401.504
13058,3215.616
19002,630.912
13088,350.948
1443,1407.564
12020,531.636
12796,859.708
20182,846.928
6827,658.972
19035,633.268
11940,399.296
15002,625.448
6017,617.244
20147,409.832
15860,485.88
13023,398.888
832,405.788
14167,449.692
18755,322.06
10881,957.196
8873,531.052
8741,546.776
13187,2204.78
11239,2599.56
20825,423.484
17267,2723.664
543,349.336
2779,366.688
14440,390.048
7094,1834.712
15620,299.0
15371,560.5
8727,399.0
9448,546.904
5241,527.024
8323,1011.224
2475,269.288
18424,395.884
13217,596.352
8809,512.628
1817,402.256
19650,252.8
8922,503.72
18746,420.888
19202,292.0
2763,2216.608
20187,299.0
2472,350.964
11075,1976.664
8790,598.5
16817,420.2
13910,2691.976
10934,304.712
5513,643.168
4177,565.408
17796,578.36
9462,439.032
19698,556.372
11632,452.0
7410,352.5
19146,591.428
1819,597.932
3973,704.568
14450,1813.624
3132,185.368
12086,1298.488
20577,705.344
10321,524.384
4221,738.364
1436,1525.236
13598,409.288
8737,219.336
11798,599.0
13410,400.124
15713,1722.696
9253,1822.164
20857,297.688
20887,1321.432
5213,659.776
6242,355.78
18859,896.38
10241,1594.376
385,882.88
16985,391.656
917,686.084
8374,1497.828
3758,472.756
460,334.312
6502,396.0
711,374.484
14907,445.24
7698,837.588
2344,281.116
4888,486.352
12334,406.236
7555,950.46
9723,506.64
4728,483.0
11478,368.132
2562,496.0
19752,274.312
6227,244.0
3262,492.396
13162,384.772
10623,1063.22
11099,548.0
1504,464.588
9554,258.3
18752,303.376
8716,662.424
17441,379.456
10077,720.74
1316,577.344
7356,583.888
9513,351.6
4638,283.352
4390,1996.416
3781,1943.18
10628,368.328
4864,364.424
1908,294.948
10509,295.82
8025,476.48
5015,444.364
10236,299.0
10769,286.28
6275,609.356
20213,1299.068
15086,471.352
14027,536.78
4896,429.344
11392,748.956
16256,433.596
13340,500.192
2326,3065.26
14127,350.368
1594,326.624
7467,350.38
13461,2116.184
3345,493.48
18693,289.784
3305,496.592
13503,445.572
989,303.032
6988,310.356
4217,283.008
3352,607.592
16751,299.0
16463,456.196
20749,354.412
7766,209.548
10000,524.704
4772,1225.356
11944,441.264
2774,386.208
118,543.28
662,1131.484
16055,269.0
11867,382.08
20327,951.468
9313,1380.64
17918,447.408
20227,253.916
4165,290.476
13353,498.6
4945,1094.092
12518,374.992
699,327.68
16474,654.292
17031,526.672
13175,979.7
17641,494.292
344,777.732
4054,407.232
15015,399.932
18992,397.072
13743,476.156
3181,450.58
17434,812.272
14537,382.2
18353,372.652
7347,587.692
8817,1499.0
2355,2029.552
18247,1418.752
3807,302.556
12235,466.928
19668,464.104
7682,536.76
13171,1928.688
2583,789.792
19137,3141.732
19086,1981.28
4356,296.668
19794,741.748
18531,401.564
12861,2041.448
15825,407.176
19349,840.0
16413,525.024
9822,578.676
10954,399.272
6539,2404.396
17725,483.812
20048,542.856
1973,495.948
349,1120.636
15428,290.64
9066,381.64
16192,463.136
7598,697.232
9825,195.404
13616,2824.356
1667,349.212
16648,387.88
8987,405.204
18064,489.716
15540,189.584
7435,284.86
7895,682.012
20622,410.2
3457,464.284
4609,569.532
10854,227.528
15484,2025.0
2227,256.412
7733,406.896
14178,490.384
613,794.324
16096,422.1
3907,366.308
13552,281.62
475,510.292
1889,448.396
729,530.984
15448,199.0
1765,1955.596
606,761.688
6168,2457.932
1107,386.268
5388,488.892
14698,447.86
18305,287.724
3534,563.556
13846,471.26
4393,1955.988
9380,206.808
8654,554.216
3903,445.76
4336,1282.284
18321,569.0
12972,359.924
1020,359.944
8972,598.572
9244,375.372
12285,304.536
20072,1018.776
8960,470.064
20407,453.204
8329,1735.184
4086,320.088
9196,364.652
5201,500.26
16984,460.164
10610,388.16
19437,488.312
14800,2069.164
2529,367.196
16005,572.668
962,1114.012
7992,497.012
9361,201.66
5519,657.952
13090,1151.62
15110,755.124
15262,1045.0
13509,2026.496
527,1809.808
11710,319.228
11234,521.0
5036,1319.48
20177,321.94
170,507.328
17544,424.816
9180,800.996
5984,209.424
9504,535.808
18901,264.624
7491,531.84
18345,487.104
15539,1468.38
7436,434.56
19831,391.66
1321,411.588
2690,658.876
11232,448.8
19883,641.564
19469,232.52
7360,481.212
18885,299.352
19598,899.0
11437,413.312
7192,564.14
10520,1095.944
5765,617.332
6279,386.564
13792,304.748
3661,486.916
12279,949.0
4571,1403.604
16899,440.632
5496,2135.632
9936,504.784
3298,643.56
753,621.408
16387,209.772
19114,978.76
17204,448.744
16518,297.792
10953,2733.8
20384,247.396
8504,338.36
853,430.892
9272,472.26
13118,398.568
7101,519.424
14688,404.348
17966,624.684
79,1347.336
222,521.704
11962,596.524
18895,2819.204
2718,434.224
5434,475.764
6685,425.74
13629,1197.328
13448,599.0
8609,482.02
2710,499.78
7216,314.94
1405,423.404
2534,4416.592
5657,233.016
9432,269.62
7124,683.588
13657,2969.32
8480,2744.36
11384,1157.332
5221,431.744
7966,292.5
8172,391.252
13926,289.52
20311,374.488
7272,449.0
2296,503.472
19032,548.94
19374,1040.544
13843,455.284
14074,426.176
2013,425.768
9855,243.0
16281,236.0
19979,816.348
14462,659.504
19940,286.732
4705,482.904
18375,804.92
7566,364.616
13517,360.0
20319,551.692
16455,295.016
18164,397.892
11457,996.06
8254,908.66
3602,427.7
18107,449.14
16076,865.688
9891,3012.388
2550,368.156
8453,231.072
15204,542.872
9698,148.996
3740,594.672
3812,485.216
703,353.996
1041,369.812
3024,460.104
13358,359.488
11664,298.56
5117,539.752
12510,442.256
14735,458.468
16937,433.164
11980,335.376
13474,368.372
11511,868.096
13578,539.428
19162,477.552
9635,288.74
8445,409.68
20202,355.524
12887,527.46
1551,271.972
17693,738.416
19900,327.16
4197,541.936
20482,1873.028
2993,411.912
6207,230.232
6916,664.952
18790,313.076
12029,2238.14
12408,2739.888
14093,435.924
2935,288.64
20287,281.06
10183,361.212
6780,1667.296
6425,194.0
13261,561.912
19177,298.16
13160,678.02
6378,436.796
20703,538.288
19523,569.0
8640,471.244
11255,301.224
4266,316.2
17432,568.2
8366,615.208
5567,926.308
15497,678.776
1138,380.664
19841,768.588
17327,795.096
17334,1486.6
18091,2717.076
725,391.924
5269,254.628
3963,472.204
1475,3430.648
7988,1759.852
1272,547.48
14704,253.348
14454,423.924
19980,448.564
9283,1445.864
15645,408.544
13276,1439.72
9374,1743.0
10598,1049.0
15679,454.704
13126,348.52
11609,312.656
13780,499.068
0,667.416
5113,501.024
4209,981.224
20964,295.908
4555,399.0
14028,327.968
2615,375.828
12475,522.128
14249,286.284
19504,600.264
20281,1427.132
3642,640.432
15603,344.944
10113,512.304
10736,327.032
17128,2212.708
13817,484.996
2451,702.856
12058,983.348
20001,431.54
13354,331.776
8585,341.832
1261,467.604
12026,2169.58
3378,606.508
15188,496.0
8486,502.636
3877,341.832
1876,701.244
15274,382.748
17159,430.172
11421,380.396
7266,488.328
10910,678.044
1491,2130.588
14408,493.224
1897,309.804
18976,484.228
20372,3214.164
11988,399.204
16600,395.804
3105,585.224
18639,1412.26
6429,367.46
9398,348.0
19500,398.192
1158,425.704
11928,465.86
5965,1419.876
2930,976.98
3165,985.384
4879,894.648
14328,483.1
13181,505.764
19210,809.98
15256,391.14
456,1617.588
2055,511.808
15419,454.312
4747,2234.64
12253,366.804
10927,571.94
12950,264.2
15851,382.84
11335,389.356
10471,583.692
13257,260.416
14477,1691.488
6593,4100.132
12523,514.616
10801,702.604
17041,2459.332
29,325.216
16156,521.224
736,532.512
12301,559.552
12392,366.688
13742,199.0
14793,360.0
6291,447.988
8425,314.82
11799,713.716
5586,367.012
17457,481.104
18117,524.36
14190,422.436
4026,832.268
10316,451.12
9077,668.16
259,440.056
8847,481.044
11626,2431.98
11013,298.584
4726,472.164
8140,448.876
5175,290.672
8078,387.856
11564,299.296
4529,505.944
20050,1176.532
18682,536.82
2402,550.468
16131,649.0
16286,554.884
13143,433.644
4144,421.904
13938,397.472
4651,2178.344
9733,618.252
492,398.444
4269,251.0
15024,570.644
1739,637.992
12374,1194.672
15544,239.812
3578,402.508
20233,149.0
13827,510.164
20146,430.348
9324,2370.828
11729,418.244
12508,364.232
14088,302.296
14076,972.844
2925,687.792
11661,367.672
5199,1001.284
8890,639.64
19001,604.024
10532,789.592
10422,366.232
3119,169.72
13524,345.98
16354,430.804
4495,890.672
9549,2277.084
20167,487.876
11723,199.0
1465,557.364
3724,419.304
10788,1027.688
12120,399.132
16417,542.876
19760,463.772
4511,238.156
12319,505.5
779,1584.864
2239,342.072
8031,426.064
14715,551.724
20109,406.14
6918,189.62
13754,536.956
18536,2405.604
4318,200.44
5386,314.656
3624,698.0
4633,449.0
17040,391.944
4316,569.012
14242,359.348
5472,325.036
14342,478.696
14648,885.2
6628,1561.312
14795,754.176
5654,473.3
15754,857.676
11872,677.376
7761,562.0
9100,357.716
3467,2442.88
314,408.992
3692,411.772
18544,465.952
5868,1907.0
3739,343.068
12954,355.676
20222,321.152
3597,1503.648
19342,206.568
18044,412.016
3358,428.36
5664,549.324
19193,404.108
1018,1002.92
47,1714.576
3346,574.268
294,1141.316
4754,330.92
16857,248.108
14802,463.264
4504,362.524
8688,416.792
17772,475.872
18864,2100.108
851,797.768
156,772.14
7653,299.4
15060,1016.032
15326,422.48
9575,1689.66
11787,526.732
11235,294.464
16941,1232.164
3458,1499.0
13164,2034.476
17953,2183.26
12094,337.836
17692,315.584
7103,2821.9
8627,491.524
3958,475.88
7246,925.164
404,548.784
1529,2221.876
16081,573.064
19551,323.484
17888,272.836
15130,981.468
8183,309.912
16537,661.864
4479,748.756
20652,1267.38
14080,421.416
12489,412.616
11054,521.824
13803,371.048
5287,512.168
7919,598.752
11743,588.732
11031,256.46
20225,3003.892
2015,252.368
4108,539.772
14982,399.592
2223,337.856
6461,971.168
14788,372.696
4443,299.272
11956,1049.0
8635,338.608
13485,399.772
6762,556.02
13882,255.576
8686,232.176
15136,541.044
16182,189.48
13298,268.22
18026,491.692
2295,377.984
13065,666.0
14078,2660.828
9585,419.664
12356,838.564
11647,1861.268
16043,372.788
3542,490.648
6636,763.344
11209,2394.744
12788,3851.66
4060,927.48
3626,2158.36
19919,291.764
15748,837.728
9553,386.4
18038,367.74
18955,878.832
19872,253.732
8607,1617.508
8748,2279.0
5628,476.408
9963,628.168
1219,416.764
19874,520.144
13790,2416.832
19647,848.528
20704,426.512
3766,2395.404
9552,431.832
17071,334.728
16381,190.06
16380,233.772
6856,587.592
17027,668.124
3292,186.172
9769,875.0
8223,482.364
18385,1697.072
15841,456.248
5511,471.588
13959,399.2
16621,491.956
2233,614.592
9466,415.36
20763,501.796
12317,199.0
1733,315.98
20790,392.016
13382,875.152
13174,500.252
16378,500.716
14085,225.424
3575,378.348
19056,395.54
663,549.78
10028,325.972
2172,383.968
4573,477.412
16976,410.34
19138,563.016
12178,400.24
16416,689.708
14547,299.0
20573,357.772
17430,548.868
12398,190.0
18322,272.028
16703,1049.0
3988,263.096
4457,299.0
17854,478.404
10581,463.916
5735,1206.284
9522,399.148
17415,548.792
15704,2157.412
19115,1499.0
1385,381.332
861,440.9
4458,653.368
3007,958.568
11219,299.088
6907,523.08
19565,269.296
2237,647.772
15138,424.936
13537,836.0
15707,2146.676
3547,893.892
8343,304.816
554,392.108
11301,579.94
13158,494.94
11528,377.06
11726,394.496
1166,862.936
1191,555.62
15317,293.208
648,367.656
12158,541.552
6007,1291.828
15547,343.004
12515,2451.42
14033,446.992
297,685.928
18733,399.0
6162,189.04
13574,724.776
